{"cameraMode":{"drawMode":0,"name":"Shaded","section":"Shading Mode"},"sceneLighting":true,"audioPlay":false,"sceneViewState":{"m_AlwaysRefresh":false,"showFog":true,"showSkybox":true,"showFlares":true,"showImageEffects":true,"showParticleSystems":true,"showVisualEffectGraphs":true,"m_FxEnabled":true},"in2DMode":false,"pivot":{"x":267.4730529785156,"y":246.87680053710938,"z":82.8345718383789},"rotation":{"x":0.005690017715096474,"y":-0.008402159437537194,"z":-0.00004773615000885911,"w":-0.9999446272850037},"size":504.5699768066406,"orthographic":false}