{"cameraMode":{"drawMode":0,"name":"Shaded","section":"Shading Mode"},"sceneLighting":true,"audioPlay":false,"sceneViewState":{"m_AlwaysRefresh":false,"showFog":true,"showSkybox":true,"showFlares":true,"showImageEffects":true,"showParticleSystems":true,"showVisualEffectGraphs":true,"m_FxEnabled":true},"in2DMode":false,"pivot":{"x":0.4109615683555603,"y":0.22984278202056886,"z":-0.8316912651062012},"rotation":{"x":-0.025774499401450158,"y":0.050059974193573,"z":-0.0012923431349918247,"w":-0.9984121918678284},"size":10.87203311920166,"orthographic":false}